{
  "data_asset_type": null,
  "expectation_suite_name": "stocks_business_suite",
  "expectations": [
    {
      "expectation_type": "expect_column_values_to_be_between",
      "kwargs": {
        "column": "BBVA.MC_Open",
        "min_value": 0
      },
      "meta": {}
    },
    {
      "expectation_type": "expect_column_values_to_be_between",
      "kwargs": {
        "column": "BBVA.MC_High",
        "min_value": 0
      },
      "meta": {}
    },
    {
      "expectation_type": "expect_column_values_to_be_between",
      "kwargs": {
        "column": "BBVA.MC_Low",
        "min_value": 0
      },
      "meta": {}
    },
    {
      "expectation_type": "expect_column_values_to_be_between",
      "kwargs": {
        "column": "BBVA.MC_Close",
        "min_value": 0
      },
      "meta": {}
    },
    {
      "expectation_type": "expect_column_pair_values_a_to_be_greater_than_b",
      "kwargs": {
        "column_A": "BBVA.MC_High",
        "column_B": "BBVA.MC_Low",
        "or_equal": true
      },
      "meta": {}
    },
    {
      "expectation_type": "expect_column_pair_values_a_to_be_greater_than_b",
      "kwargs": {
        "column_A": "BBVA.MC_Open",
        "column_B": "BBVA.MC_Low",
        "or_equal": true
      },
      "meta": {}
    },
    {
      "expectation_type": "expect_column_pair_values_a_to_be_greater_than_b",
      "kwargs": {
        "column_A": "BBVA.MC_High",
        "column_B": "BBVA.MC_Open",
        "or_equal": true
      },
      "meta": {}
    },
    {
      "expectation_type": "expect_column_pair_values_a_to_be_greater_than_b",
      "kwargs": {
        "column_A": "BBVA.MC_High",
        "column_B": "BBVA.MC_Close",
        "or_equal": true
      },
      "meta": {}
    },
    {
      "expectation_type": "expect_column_values_to_be_between",
      "kwargs": {
        "column": "BBVA.MC_Volume",
        "min_value": 0
      },
      "meta": {}
    }
  ],
  "ge_cloud_id": null,
  "meta": {
    "great_expectations_version": "0.18.19"
  }
}